"","agree_rate","vote_rate","is_municipality","is_offshoreIsland","location","gender_ratio","young_ratio","old_ratio","young_old_ratio","married_ratio","college_ratio","salary_med"
"連江縣南竿鄉",0.248,0.508899551153072,"0","1","offshore island",1.69098095580309,0.232565331683934,0.123859594866244,1.87765293383271,0.658103061986557,0.401941747572816,1022
"連江縣莒光鄉",0.244,0.529372045914922,"0","1","offshore island",3.23344947735192,0.206477732793522,0.148448043184885,1.39090909090909,0.703877005347594,0.348262032085562,948
"連江縣北竿鄉",0.23,0.522352941176471,"0","1","offshore island",2.28371089536138,0.213546566321731,0.154280338664158,1.38414634146341,0.682803135085293,0.363762102351314,918
"連江縣東引鄉",0.487,0.507029876977153,"0","1","offshore island",3.52145922746781,0.257443082311734,0.0971978984238179,2.64864864864865,0.658682634730539,0.364414029084688,965
"金門縣金沙鎮",0.191,0.354310344827586,"0","1","offshore island",1.05323756205767,0.21342383107089,0.162087912087912,1.31671651711532,0.696382632435554,0.362839292276999,874
"金門縣烏坵鄉",0.23,0.291005291005291,"0","1","offshore island",4.3405017921147,0.239858906525573,0.123456790123457,1.94285714285714,0.6738768718802,0.402662229617304,923
"金門縣烈嶼鄉",0.202,0.364765330592669,"0","1","offshore island",1.1146518293711,0.212880602121108,0.156175162504276,1.36308871851041,0.704187604690117,0.350837520938023,850
"金門縣金城鎮",0.256,0.350099166997223,"0","1","offshore island",1.02560886380266,0.214225277630883,0.147593865679535,1.45145109279828,0.684264690748173,0.429633631779356,938
"金門縣金湖鎮",0.234,0.366621647694385,"0","1","offshore island",1.06020580555982,0.219157472417252,0.140614150142736,1.55857338820302,0.684855733293467,0.402526536104051,906
"金門縣金寧鄉",0.31,0.361799588097436,"0","1","offshore island",1.07216127653512,0.306477373558119,0.122945874001775,2.49278290993072,0.617298005933899,0.375526116056027,914
"宜蘭縣冬山鄉",0.33,0.539389935029182,"0","0","county",1.08392744337154,0.21527120695346,0.181252062933216,1.18768969284934,0.671049272402349,0.309590673134201,739
"宜蘭縣三星鄉",0.318,0.524276940843,"0","0","county",1.24349400316814,0.1961770096884,0.215868028279654,0.908782144590005,0.684419148287428,0.251143408883017,733
"宜蘭縣羅東鎮",0.345,0.575512256006657,"0","0","county",0.888293926002387,0.215562638580931,0.185455931263858,1.16233887539697,0.65369289528943,0.374729253815248,811
"宜蘭縣大同鄉",0.206,0.585410334346505,"0","0","county",1.45783664459161,0.247420594780498,0.116326117742262,2.12695652173913,0.695989149389653,0.130013563262934,624
"宜蘭縣壯圍鄉",0.351,0.578682333193454,"0","0","county",1.19451865044029,0.219825779102809,0.184189686495551,1.19347496206373,0.666816749212067,0.255875731652409,713
"宜蘭縣頭城鎮",0.326,0.549074995026855,"0","0","county",1.12156413612565,0.208726086783598,0.198067056437179,1.05381526104418,0.675484737953542,0.248569783067767,791
"宜蘭縣五結鄉",0.332,0.536455347930758,"0","0","county",1.10507353375465,0.21756064033907,0.178241072195653,1.22059768637532,0.665797431131578,0.307875828779094,722
"宜蘭縣宜蘭市",0.336,0.566195510755744,"0","0","county",0.945574758744743,0.221875749580235,0.177008243804522,1.25347692746594,0.641370038877518,0.386013782746133,828
"宜蘭縣員山鄉",0.336,0.538089651985354,"0","0","county",1.18048854041013,0.223894905023966,0.18359666252441,1.21949332817637,0.662922887275716,0.263696753869333,757
"宜蘭縣礁溪鄉",0.326,0.540535323639171,"0","0","county",1.12974598930481,0.212984676668059,0.197532847184298,1.07822410147992,0.665979317024401,0.29131127565845,732
"宜蘭縣蘇澳鎮",0.326,0.561369958275382,"0","0","county",1.07300299770764,0.197662983745011,0.213194886330769,0.927146927146927,0.681542436667977,0.241139133853845,694
"宜蘭縣南澳鄉",0.184,0.605512489233419,"0","0","county",1.375,0.265433426543343,0.114433211443321,2.31954887218045,0.691625412541254,0.146658415841584,633
"新竹縣橫山鄉",0.261,0.591485986250661,"0","0","county",1.33526234567901,0.199472759226714,0.247188049209139,0.806967650195521,0.680791201295933,0.255435245971524,726
"新竹縣北埔鄉",0.28,0.567481662591687,"0","0","county",1.38644884841993,0.213098729227761,0.23533724340176,0.905503634475597,0.68271954674221,0.259678942398489,727
"新竹縣峨眉鄉",0.246,0.602999210734017,"0","0","county",1.54601226993865,0.181083743842365,0.284137931034483,0.637309292649098,0.716940948693127,0.243949661181026,735
"新竹縣尖石鄉",0.191,0.511678435632808,"0","0","county",1.31043403276804,0.277182027962536,0.109271073707072,2.53664596273292,0.664447573934195,0.139162719242094,671
"新竹縣芎林鄉",0.288,0.589429248829006,"0","0","county",1.23925853179475,0.230564860806284,0.199780524431096,1.15409077768141,0.667554371948513,0.355082112738571,927
"新竹縣竹東鎮",0.3,0.540992969007792,"0","0","county",1.01513966339482,0.226640637874428,0.16249825700052,1.39472657773617,0.662235942134253,0.39015798075177,975
"新竹縣關西鎮",0.273,0.569116218841049,"0","0","county",1.22956112032109,0.199862665104819,0.2373066203498,0.842212765957447,0.676851815810984,0.279786695730022,796
"新竹縣新埔鎮",0.28,0.56420017996816,"0","0","county",1.20973727178269,0.214068441064639,0.214483235395783,0.998066075745367,0.675276876233814,0.328704788034932,844
"新竹縣寶山鄉",0.313,0.58344253449472,"0","0","county",1.39343986543314,0.229413575496383,0.168077574265045,1.36492673992674,0.676885209219065,0.38144253002163,1235
"新竹縣湖口鄉",0.287,0.562453748169608,"0","0","county",1.03615904924458,0.234219791273733,0.148513139695712,1.57709810561964,0.659356351556511,0.345558945991853,796
"新竹縣新豐鄉",0.29,0.560056780956541,"0","0","county",1.08310644945325,0.234852453291427,0.135454862929981,1.73380599419916,0.661925419204138,0.356719779761408,856
"新竹縣五峰鄉",0.206,0.496372279209407,"0","0","county",1.52450980392157,0.211879211380085,0.129772897429498,1.63269230769231,0.709927360774818,0.120823244552058,628
"新竹縣竹北市",0.352,0.58312246133203,"0","0","county",0.982123208391089,0.194905183035747,0.104564775187921,1.86396597406219,0.70028171737119,0.545461450292075,1548
"苗栗縣南庄鄉",0.269,0.493966302367942,"0","0","county",1.39127144298688,0.18768461713247,0.23301522381277,0.805460750853242,0.687562189054726,0.188391376451078,677
"苗栗縣通霄鎮",0.293,0.541250126224376,"0","0","county",1.17352478925561,0.203786528567105,0.224703231664257,0.906914097575576,0.673814714783118,0.237740392437604,688
"苗栗縣大湖鄉",0.269,0.534655812850707,"0","0","county",1.23719450954135,0.199242484021147,0.236565927562535,0.842228152101401,0.692994505494505,0.226419413919414,692
"苗栗縣苑裡鎮",0.277,0.575983543327333,"0","0","county",1.12564377682403,0.22911688378427,0.183612117474755,1.24783095438007,0.663972714465782,0.248263760164109,703
"苗栗縣竹南鎮",0.307,0.560267335979454,"0","0","county",1.02447980416157,0.215606498089655,0.145084142677983,1.48607900291487,0.668138449752768,0.376530399052859,894
"苗栗縣頭屋鄉",0.275,0.651970181043663,"0","0","county",1.28577867928781,0.191611667021503,0.220885671705344,0.867469879518072,0.69323245932221,0.268939786506374,748
"苗栗縣泰安鄉",0.222,0.66969111969112,"0","0","county",1.44993768176153,0.221064814814815,0.152970679012346,1.44514501891551,0.708098987626547,0.150731158605174,713
"苗栗縣頭份市",0.284,0.566894291830609,"0","0","county",1.02696548418025,0.218449849476753,0.153402303244612,1.42403239623082,0.670861623574058,0.362103650869853,857
"苗栗縣卓蘭鎮",0.277,0.588072028161386,"0","0","county",1.20335847445567,0.188957221058323,0.231803744002163,0.815160349854227,0.686974789915966,0.237920168067227,686
"苗栗縣苗栗市",0.281,0.578687928456949,"0","0","county",1.00319735685167,0.211366693570083,0.196758138283562,1.07424625692213,0.659697785137653,0.381766197474643,842
"苗栗縣三義鄉",0.254,0.586651306789546,"0","0","county",1.21994846142186,0.217372546199756,0.192852520313511,1.12714392244594,0.670312826586776,0.281334912561834,738
"苗栗縣公館鄉",0.272,0.59029592485345,"0","0","county",1.14833948339483,0.222916225562848,0.195461923918413,1.14045856652825,0.666882409047554,0.308591088704183,772
"苗栗縣西湖鄉",0.281,0.553744907552491,"0","0","county",1.56018518518519,0.176020009379397,0.260278255432234,0.676276276276276,0.712541959108941,0.233902960024413,792
"苗栗縣造橋鄉",0.273,0.58211662283486,"0","0","county",1.25450364124186,0.206631035419875,0.205725156264154,1.00440334654337,0.682764654418198,0.268503937007874,725
"苗栗縣銅鑼鄉",0.268,0.560814315352697,"0","0","county",1.24233596892773,0.207825861622182,0.218579942990412,0.950800237107291,0.678649577993123,0.282463269771804,729
"苗栗縣後龍鎮",0.293,0.552959803541424,"0","0","county",1.17844632186277,0.210765805015006,0.208345435182496,1.01161710037175,0.671842907823489,0.244382896620402,729
"苗栗縣獅潭鄉",0.235,0.514112903225806,"0","0","county",1.68309455587393,0.144687264506405,0.291886460688269,0.495697074010327,0.728868017795353,0.179683638161147,701
"苗栗縣三灣鄉",0.254,0.577751196172249,"0","0","county",1.49277566539924,0.186987704918033,0.244364754098361,0.765199161425577,0.706283244680851,0.241356382978723,700
"彰化縣大城鄉",0.241,0.391014748861551,"0","0","county",1.2783611891732,0.156457965503192,0.280388428629635,0.558004359409058,0.731619097724582,0.140273576219913,678
"彰化縣竹塘鄉",0.266,0.54379533577724,"0","0","county",1.2273400230301,0.179826954556084,0.259724062670512,0.692376950780312,0.709161560304887,0.199895381856225,711
"彰化縣埤頭鄉",0.288,0.547338084667212,"0","0","county",1.12363519588953,0.20959713796858,0.210763726862654,0.994464944649446,0.688567477669395,0.250364390626752,736
"彰化縣溪州鄉",0.313,0.518362527061602,"0","0","county",1.14894316966856,0.196687126219704,0.226589549889833,0.868032644556347,0.685466213665534,0.223820309550774,713
"彰化縣芳苑鄉",0.251,0.492130688607422,"0","0","county",1.17116333043226,0.188980678637264,0.245203795999181,0.770708617569261,0.706210769739016,0.174397092831186,642
"彰化縣鹿港鎮",0.286,0.582313311112687,"0","0","county",1.03915404401258,0.224242252483315,0.16727834379561,1.34053367217281,0.654988606770833,0.292751736111111,779
"彰化縣伸港鄉",0.29,0.56819153484395,"0","0","county",1.0704675636073,0.231896438428177,0.148311210408726,1.56357997341604,0.660551035154409,0.265652979799566,650
"彰化縣埔心鄉",0.29,0.617097361851427,"0","0","county",1.10396451344608,0.221851514845145,0.168132645839652,1.31950290639407,0.661916636978981,0.278330148654338,683
"彰化縣社頭鄉",0.281,0.578141354046163,"0","0","county",1.08821039562052,0.224012559907453,0.180383407701206,1.2418689876317,0.663150361790665,0.290466219618861,695
"彰化縣田中鎮",0.273,0.580147495125879,"0","0","county",1.09526016919689,0.21099726197533,0.206593840855844,1.02131438721137,0.660308563032298,0.301842126744851,733
"彰化縣彰化市",0.319,0.605649362548758,"0","0","county",0.958432364611916,0.21839898294976,0.17549871560785,1.24444775674467,0.650854975314093,0.396549993979047,850
"彰化縣員林市",0.304,0.569872976045791,"0","0","county",0.985475097411365,0.220028416050169,0.173582871980795,1.26756985605419,0.651020715064476,0.375888191285387,876
"彰化縣和美鎮",0.306,0.570198974576947,"0","0","county",1.04331237573217,0.226274561869357,0.151579925650558,1.49277393360778,0.650943155748152,0.322457303084374,728
"彰化縣北斗鎮",0.295,0.585800746566158,"0","0","county",1.05736040609137,0.219595206198631,0.185234802128969,1.18549648162627,0.659840333217633,0.300416522040958,752
"彰化縣永靖鄉",0.304,0.597170203911777,"0","0","county",1.11097899326199,0.217434420985285,0.18019833653231,1.20663944612107,0.659305508565804,0.282379355949928,696
"彰化縣秀水鄉",0.295,0.595048465765265,"0","0","county",1.10590178514707,0.236441043993336,0.158604306781021,1.49076055242171,0.654899412129627,0.308528551593749,735
"彰化縣福興鄉",0.282,0.544219398666499,"0","0","county",1.12175052410901,0.232380377662116,0.170928566040582,1.35951750514857,0.657499757916142,0.266001743003776,712
"彰化縣溪湖鎮",0.286,0.583338870799832,"0","0","county",1.04920301826137,0.234416173963108,0.16614628313293,1.41090230574437,0.655154814562776,0.306928376998979,737
"彰化縣田尾鄉",0.279,0.594115363044135,"0","0","county",1.1201632942847,0.224742356948816,0.191453581130611,1.17387387387387,0.661933934928388,0.265088169550459,699
"彰化縣二林鎮",0.268,0.528108711839166,"0","0","county",1.08311898637706,0.206464364608766,0.218904778514126,0.943169747185044,0.680944917151814,0.237975817286162,728
"彰化縣線西鄉",0.325,0.596160682545325,"0","0","county",1.14574839836925,0.225758329189458,0.164381615401009,1.3733794295592,0.661582459485224,0.265422851695492,660
"彰化縣花壇鄉",0.293,0.591203370671051,"0","0","county",1.08581187598529,0.22661261353723,0.159311335762303,1.42245128039942,0.650163059590869,0.308923806700267,719
"彰化縣二水鄉",0.297,0.605292750581003,"0","0","county",1.20231756968368,0.175982042648709,0.256266367377478,0.686715328467153,0.688753269398431,0.259590235396687,699
"彰化縣埔鹽鄉",0.251,0.603832155855277,"0","0","county",1.14998877329541,0.218989553249902,0.203087674261062,1.07830056179775,0.675613364990881,0.302639276005643,679
"彰化縣大村鄉",0.276,0.589483043312587,"0","0","county",1.13522156235724,0.229900374389238,0.159400977219367,1.44227707006369,0.660449925215958,0.285461371752999,1200
"彰化縣芬園鄉",0.308,0.558163465307722,"0","0","county",1.17730276745147,0.212278468618428,0.208263977283854,1.01927597555242,0.677135559549711,0.250354744111248,659
"南投縣竹山鎮",0.268,0.555109070034443,"0","0","county",1.08270480010463,0.195891836778044,0.214053571807889,0.91515331944031,0.680768205948062,0.254750046116953,694
"南投縣水里鄉",0.273,0.560227713805149,"0","0","county",1.20087336244541,0.185424473446182,0.234397208941724,0.791069459757442,0.680012531328321,0.219298245614035,650
"南投縣信義鄉",0.229,0.618016392209941,"0","0","county",1.27166314420419,0.262015620306398,0.138179633523581,1.89619565217391,0.654221130930888,0.165378782407742,657
"南投縣國姓鄉",0.259,0.566608423209014,"0","0","county",1.25799266247379,0.183754512635379,0.22424789410349,0.819425811644754,0.690579033387812,0.183107634835396,613
"南投縣鹿谷鄉",0.319,0.534721786588043,"0","0","county",1.24401720892713,0.1834241683894,0.243375305393723,0.753667953667954,0.717928335575394,0.241531123884065,728
"南投縣魚池鄉",0.311,0.54635334575154,"0","0","county",1.21387631975867,0.182878820413714,0.235630949824637,0.776123936816525,0.685511876649535,0.205306292540631,707
"南投縣集集鎮",0.283,0.580480699198835,"0","0","county",1.25466782457664,0.194201995012469,0.239297589359934,0.811550151975684,0.693085321471896,0.247573797007683,761
"南投縣草屯鎮",0.286,0.582607751863197,"0","0","county",1.03276460451909,0.219904059396394,0.180551537942339,1.21795727636849,0.654170049878204,0.34574875304489,788
"南投縣埔里鎮",0.264,0.579061413841746,"0","0","county",1.00285097192225,0.209992737835875,0.193086419753086,1.08755829697608,0.647960966880566,0.266675054872849,699
"南投縣南投市",0.279,0.607390190683996,"0","0","county",1.00260937022497,0.221081824215417,0.186474826965014,1.18558535655269,0.650588396278051,0.374053548622514,813
"南投縣名間鄉",0.27,0.602071360153257,"0","0","county",1.15652668859094,0.20759402770713,0.21115466323569,0.983137310471872,0.67540869967073,0.250736525908382,678
"南投縣中寮鄉",0.264,0.579394583112055,"0","0","county",1.30703802535023,0.174173491052472,0.247876857749469,0.7026613643316,0.704148552059539,0.189742833984231,645
"南投縣仁愛鄉",0.269,0.5702597505759,"0","0","county",1.17424118129614,0.239158061953932,0.134789515488483,1.77430760164997,0.691518467852257,0.156938744490044,662
"雲林縣虎尾鎮",0.302,0.535320714494473,"0","0","county",1.03976369792027,0.205248053889643,0.18428333304693,1.11376352107423,0.665550961475356,0.322635689440179,850
"雲林縣斗六市",0.301,0.573177660676686,"0","0","county",0.98973323973324,0.224360972568579,0.166158265051657,1.35028475711893,0.653737223168654,0.370389693356048,876
"雲林縣西螺鎮",0.308,0.530937024802056,"0","0","county",1.08151795750147,0.205809868386556,0.212338104976142,0.969255463637486,0.672465732791083,0.255133805291962,747
"雲林縣莿桐鄉",0.309,0.54989824989825,"0","0","county",1.14225196983818,0.204204448420282,0.209490505428374,0.974767080745341,0.679206914082359,0.243244300183802,692
"雲林縣土庫鎮",0.3,0.526216614779617,"0","0","county",1.14180118946474,0.192288821653447,0.227124049390792,0.846624662466247,0.690303793483394,0.237132063592004,751
"雲林縣古坑鄉",0.284,0.529242639298322,"0","0","county",1.18211331838912,0.19734738372093,0.23655523255814,0.834254992319508,0.692175075645627,0.253324889170361,710
"雲林縣水林鄉",0.317,0.434023458325929,"0","0","county",1.27305623471883,0.159166481933053,0.277499445799158,0.573574053363157,0.71093413689195,0.176452862677572,687
"雲林縣斗南鎮",0.308,0.568488122082962,"0","0","county",1.05794036794248,0.21201246824004,0.199937134924169,1.06039565046509,0.663790493490766,0.316934100312847,751
"雲林縣口湖鄉",0.282,0.47418674823296,"0","0","county",1.19846113027328,0.170410438516806,0.215707325130069,0.790007656967841,0.704989763558267,0.177712657059131,640
"雲林縣臺西鄉",0.262,0.458272189349112,"0","0","county",1.22659195109526,0.171554252199413,0.218664270173115,0.784555483452304,0.718285133511965,0.187655917952509,712
"雲林縣北港鎮",0.315,0.54643971965369,"0","0","county",1.10998420988704,0.195461502236873,0.221303272898517,0.883229152812874,0.665891164954889,0.287039664075356,767
"雲林縣二崙鄉",0.301,0.476954679676467,"0","0","county",1.22305278700628,0.185537013264869,0.255370132648695,0.726541554959786,0.704235818677236,0.197795392618281,719
"雲林縣林內鄉",0.307,0.567166098643174,"0","0","county",1.18382749326146,0.20724255483373,0.210265646105358,0.985622514530437,0.669436864301662,0.25043413545026,657
"雲林縣四湖鄉",0.273,0.394986417576133,"0","0","county",1.26316338233761,0.153055396916048,0.244193794022463,0.626778405768856,0.721460125552197,0.171913508486399,694
"雲林縣元長鄉",0.287,0.431449846692948,"0","0","county",1.27669245647969,0.16240812040602,0.269732236611831,0.602108678021087,0.720934197067849,0.184964200477327,685
"雲林縣麥寮鄉",0.291,0.491015382957515,"0","0","county",1.03150956540378,0.23589785033134,0.142449221485911,1.65601361573374,0.668763746099944,0.241189708966293,788
"雲林縣崙背鄉",0.308,0.486413301662708,"0","0","county",1.19055750878955,0.177651245551601,0.241186239620403,0.736572890025575,0.700128522904618,0.203984210043147,732
"雲林縣褒忠鄉",0.31,0.515508303312538,"0","0","county",1.29602272727273,0.189193930356986,0.230944653977721,0.819217622483859,0.689549180327869,0.215163934426229,722
"雲林縣東勢鄉",0.301,0.498300475866757,"0","0","county",1.36529680365297,0.163333081742018,0.250358517623972,0.652396744045825,0.717092193363255,0.18755058494592,737
"雲林縣大埤鄉",0.298,0.513780362226664,"0","0","county",1.24442996742671,0.1899461617567,0.237977133869699,0.798169801728521,0.688908347927612,0.227670753064799,695
"嘉義縣溪口鄉",0.326,0.508813429988554,"0","0","county",1.2721446179129,0.190918787140027,0.263370409873533,0.724905987850738,0.691332394157337,0.210350708089271,700
"嘉義縣中埔鄉",0.296,0.468765170290503,"0","0","county",1.11593126856173,0.207166539148176,0.191660290742158,1.08090485695276,0.670234014746135,0.249032130791803,688
"嘉義縣民雄鄉",0.316,0.536179320034635,"0","0","county",1.06445065548679,0.22234915868327,0.175166876111827,1.26935619118606,0.651035799223933,0.300913756415071,772
"嘉義縣六腳鄉",0.297,0.421353441237212,"0","0","county",1.21055868785238,0.166091127098321,0.284556354916067,0.583684476655992,0.707326178254783,0.196546896873542,714
"嘉義縣梅山鄉",0.29,0.549669261839255,"0","0","county",1.2263585259213,0.18890966460208,0.253009232207549,0.746651270207852,0.701922531616855,0.223444677593149,708
"嘉義縣大埔鄉",0.296,0.54688672168042,"0","0","county",1.38803680981595,0.185703574106473,0.185703574106473,1,0.706490384615385,0.198798076923077,670
"嘉義縣朴子市",0.298,0.517461851041459,"0","0","county",1.05849423054953,0.201976037703708,0.215405144511953,0.937656517727692,0.662617937316994,0.294843292484546,814
"嘉義縣鹿草鄉",0.316,0.471191791633781,"0","0","county",1.27703542573027,0.16412241095105,0.282448219020999,0.581070794214666,0.714715134568333,0.205382733310031,702
"嘉義縣水上鄉",0.304,0.529881204824771,"0","0","county",1.10100724842323,0.208340921507922,0.189742305590967,1.09802039592082,0.658786984203917,0.260315921658479,710
"嘉義縣布袋鎮",0.273,0.486876695180471,"0","0","county",1.09818089085345,0.171240303611644,0.229293519059138,0.746817024372499,0.699497202173384,0.213364690617144,705
"嘉義縣竹崎鄉",0.28,0.516523632637377,"0","0","county",1.18463326269738,0.194634520688112,0.220182899533159,0.883967470229451,0.68758893769721,0.219513704139083,685
"嘉義縣新港鄉",0.315,0.53748811352498,"0","0","county",1.17766418835192,0.202106649111257,0.235864238168386,0.856877035199256,0.678048780487805,0.243235655378137,776
"嘉義縣番路鄉",0.258,0.559373769200473,"0","0","county",1.32919254658385,0.186435672802441,0.21950979427109,0.84932735426009,0.703193727290113,0.219257984318225,716
"嘉義縣東石鄉",0.257,0.40538443988136,"0","0","county",1.18363794604003,0.153825111698733,0.254855475517461,0.603577817531306,0.715322330870315,0.154727666917393,647
"嘉義縣阿里山鄉",0.211,0.466425069281603,"0","0","county",1.3997338065661,0.209876543209877,0.175393784589187,1.19660194174757,0.68870636550308,0.172073921971253,711
"嘉義縣大林鎮",0.303,0.517829284599955,"0","0","county",1.10595825426945,0.198642584282164,0.239624670845232,0.82897384305835,0.677314234556849,0.280179051029543,783
"嘉義縣太保市",0.311,0.532437911809427,"0","0","county",1.09959204817717,0.232698030773127,0.158804533654151,1.46531100478469,0.659031235853327,0.281756450882752,838
"嘉義縣義竹鄉",0.297,0.504475280831381,"0","0","county",1.16722825408711,0.159644700516145,0.276617452886808,0.577131698850076,0.721086841951162,0.214791825262048,704
"屏東縣里港鄉",0.334,0.549078091106291,"0","0","county",1.09282121627801,0.215523465703971,0.197337545126354,1.09215641436085,0.675509670674334,0.268644363129465,725
"屏東縣林邊鄉",0.298,0.557134663182716,"0","0","county",1.1423352902805,0.190570119623314,0.229638584881649,0.829869770019396,0.683129100136155,0.234434954821141,705
"屏東縣竹田鄉",0.309,0.569269849540806,"0","0","county",1.2383008356546,0.191055852102591,0.224254654341883,0.851959361393324,0.675285171102662,0.265019011406844,709
"屏東縣新埤鄉",0.289,0.504926381047271,"0","0","county",1.28993383742911,0.183720930232558,0.228239202657807,0.804949053857351,0.689543541599223,0.181396352649185,661
"屏東縣麟洛鄉",0.317,0.57432296890672,"0","0","county",1.22401322587311,0.192950836086913,0.21588064483829,0.89378478664193,0.671368400430992,0.349397590361446,775
"屏東縣枋山鄉",0.303,0.507001647446458,"0","0","county",1.44062635928665,0.1915504511895,0.206521739130435,0.927507447864945,0.683718152866242,0.152667197452229,735
"屏東縣屏東市",0.313,0.531983919881515,"0","0","county",0.967014148286919,0.208734501221116,0.178840644373474,1.16715359616584,0.637449273390918,0.392884672062391,808
"屏東縣瑪家鄉",0.256,0.630054741303196,"0","0","county",1.23683280311064,0.22331980949021,0.132827659199153,1.68127490039841,0.641836734693878,0.170918367346939,659
"屏東縣高樹鄉",0.32,0.492464395999447,"0","0","county",1.21545922406968,0.168047500690417,0.260103102273773,0.646080339762874,0.700651436730323,0.181956094949134,659
"屏東縣獅子鄉",0.235,0.54113475177305,"0","0","county",1.39029126213592,0.228301886792453,0.131839622641509,1.73166368515206,0.678020713463751,0.142002301495972,684
"屏東縣琉球鄉",0.241,0.443489631982066,"0","0","county",1.38815651810002,0.188001492815824,0.175499160291099,1.07123870281765,0.692563917897011,0.186712279438243,695
"屏東縣泰武鄉",0.245,0.646178637200737,"0","0","county",1.39722089123143,0.244362632305568,0.12310170271514,1.98504672897196,0.661572535991141,0.150166112956811,657
"屏東縣霧臺鄉",0.243,0.615593220338983,"0","0","county",1.47873799725652,0.217214503558116,0.158251440189766,1.37259100642398,0.660904255319149,0.190159574468085,663
"屏東縣滿州鄉",0.309,0.427282819872329,"0","0","county",1.38498936493467,0.192451782988761,0.195088108783128,0.986486486486486,0.675679347826087,0.156657608695652,642
"屏東縣車城鄉",0.336,0.414351547070441,"0","0","county",1.35151342090234,0.169781521453014,0.236772834956568,0.717065036131184,0.677357526194736,0.167646307181191,637
"屏東縣恆春鎮",0.32,0.470090799267371,"0","0","county",1.1056826332988,0.213698843502979,0.171916981425957,1.24303510758777,0.667997909823828,0.216146610928635,739
"屏東縣枋寮鄉",0.288,0.530242123959989,"0","0","county",1.15762777994538,0.19010076506811,0.217111401380855,0.87559088955737,0.677458738412842,0.203572236038888,684
"屏東縣鹽埔鄉",0.303,0.519730381215963,"0","0","county",1.14157157435755,0.213195931477516,0.188882940756602,1.12871988663203,0.662489233419466,0.220456503014643,668
"屏東縣新園鄉",0.3,0.527681886276298,"0","0","county",1.1178371826813,0.215196046556993,0.186162949476559,1.15595529165211,0.660754716981132,0.229528301886792,694
"屏東縣春日鄉",0.325,0.352026510323732,"0","0","county",1.37311883757135,0.242555357597353,0.139221175871723,1.74223034734918,0.651500484027105,0.122942884801549,644
"屏東縣三地門鄉",0.276,0.569747371724463,"0","0","county",1.18864982850016,0.229731848831739,0.1318801944488,1.74197384066587,0.651812688821752,0.152719033232628,642
"屏東縣長治鄉",0.331,0.550845521023766,"0","0","county",1.1443396973778,0.210882543062474,0.186014677364158,1.13368765331153,0.657449397190576,0.29915569811599,769
"屏東縣南州鄉",0.349,0.529802721806098,"0","0","county",1.19209282337774,0.185575706452973,0.235765499789119,0.787119856887299,0.679129635304934,0.248952906323424,718
"屏東縣東港鎮",0.298,0.531459678440309,"0","0","county",1.04287381399361,0.216117772044316,0.167602569939799,1.28946574102022,0.64818091475386,0.261216278449718,729
"屏東縣崁頂鄉",0.325,0.524531377343113,"0","0","county",1.11611954924057,0.218564094205851,0.183522125336158,1.19094138543517,0.656482569526048,0.248648648648649,686
"屏東縣內埔鄉",0.306,0.475608730392363,"0","0","county",1.09607214081332,0.207107174341967,0.20158683514546,1.02738442315702,0.657244964262508,0.291991552956465,706
"屏東縣牡丹鄉",0.306,0.417014371812703,"0","0","county",1.32467532467532,0.208198239925892,0.151922186197314,1.37042682926829,0.672038129822969,0.187925556059918,694
"屏東縣萬丹鄉",0.307,0.534017204103225,"0","0","county",1.11300028656032,0.223486154199701,0.179179593243709,1.2472745927921,0.659354810061944,0.266068692968629,727
"屏東縣潮州鎮",0.298,0.522134183102231,"0","0","county",1.01428084235655,0.213506828691257,0.180126895365093,1.18531343283582,0.644654283406846,0.308898138369468,756
"屏東縣來義鄉",0.226,0.596771615790315,"0","0","county",1.20416,0.233211038443133,0.126814483968735,1.83899371069182,0.65938797478087,0.147931723819775,619
"屏東縣九如鄉",0.308,0.544689525402467,"0","0","county",1.1395725388601,0.218227424749164,0.17882525083612,1.22033898305085,0.661393844443321,0.253449234345783,685
"屏東縣萬巒鄉",0.313,0.51078294789635,"0","0","county",1.16465816917729,0.197005954699761,0.217096109967166,0.907459625736991,0.674720888840947,0.236880427161426,712
"屏東縣佳冬鄉",0.324,0.495340795874114,"0","0","county",1.16733797143903,0.191337430494586,0.233479660520925,0.81950363499624,0.680461599681655,0.2198851685521,672
"臺東縣成功鎮",0.216,0.494688556253018,"0","0","county",1.21434613432583,0.171967871485944,0.220642570281124,0.779395704404805,0.673541405269762,0.151113550815558,639
"臺東縣長濱鄉",0.239,0.419185687847008,"0","0","county",1.54307250538406,0.136349646044937,0.257925515543244,0.528639618138425,0.673870333988212,0.1165180595436,587
"臺東縣蘭嶼鄉",0.276,0.382683568524276,"0","0","county",1.35604606525912,0.262263699449629,0.0914094280928452,2.86910994764398,0.590484862280901,0.206692465285682,731
"臺東縣卑南鄉",0.273,0.525373931623932,"0","0","county",1.21851118030003,0.207195203197868,0.194470353097935,1.06543336759164,0.648359440469284,0.182556565461226,666
"臺東縣延平鄉",0.237,0.547440273037543,"0","0","county",1.64892830746489,0.237461617195496,0.106107130672126,2.2379421221865,0.625896934116112,0.186236138290933,653
"臺東縣臺東市",0.267,0.547213648736376,"0","0","county",1.00092475640563,0.219453101895034,0.177195895989262,1.23847733983823,0.634682887479015,0.302156234329692,799
"臺東縣關山鎮",0.262,0.499001198561726,"0","0","county",1.2987702627166,0.201197604790419,0.224218230206254,0.897329376854599,0.657304818345787,0.212960577170832,710
"臺東縣綠島鄉",0.316,0.441184688460464,"0","0","county",1.64277180406213,0.249790911625314,0.123501533314748,2.02257336343115,0.637823129251701,0.309659863945578,837
"臺東縣大武鄉",0.266,0.514622104063806,"0","0","county",1.3174168297456,0.189240386436825,0.173138852055314,1.09299781181619,0.668950194408443,0.16163673393816,642
"臺東縣鹿野鄉",0.297,0.450980392156863,"0","0","county",1.33753071253071,0.179332181922855,0.229994242947611,0.779724655819775,0.676929506826414,0.173446642518807,663
"臺東縣東河鄉",0.263,0.43863785199738,"0","0","county",1.4764982373678,0.136137967076039,0.248366866997648,0.548132561809574,0.678059395801331,0.141065028161802,776
"臺東縣池上鄉",0.272,0.461602904216699,"0","0","county",1.27440785673021,0.175013912075682,0.243461324429605,0.718857142857143,0.676577424996637,0.178797255482309,686
"臺東縣太麻里鄉",0.252,0.495241051106973,"0","0","county",1.25974594831362,0.188281492197995,0.212565877854707,0.885755955274672,0.6711,0.1548,641
"臺東縣海端鄉",0.215,0.535692495424039,"0","0","county",1.58530183727034,0.262340036563071,0.103595368677636,2.53235294117647,0.606657018813314,0.160057887120116,658
"臺東縣金峰鄉",0.271,0.599405548216645,"0","0","county",1.46468646864686,0.257670735730782,0.114153744638733,2.25722543352601,0.633364750235627,0.170593779453346,703
"臺東縣達仁鄉",0.221,0.58304112209117,"0","0","county",1.65163081193616,0.209220985691574,0.138632750397456,1.50917431192661,0.652323043342688,0.158091674462114,676
"花蓮縣鳳林鎮",0.255,0.552707730467135,"0","0","county",1.21982482375561,0.166546280053658,0.274687854710556,0.606311044327573,0.684125705076551,0.231869460112812,700
"花蓮縣光復鄉",0.239,0.51510904791101,"0","0","county",1.25130597014925,0.179336890910681,0.244598022920129,0.733190271816881,0.667836057157525,0.184392915204929,636
"花蓮縣壽豐鄉",0.269,0.555562567047391,"0","0","county",1.22555077915099,0.191672965482489,0.217372134038801,0.881773399014778,0.675513331290224,0.225681887833282,691
"花蓮縣秀林鄉",0.267,0.513692087247254,"0","0","county",1.14181405159825,0.286838340486409,0.106024479415037,2.70539730134933,0.613496472001201,0.158910073562528,618
"花蓮縣萬榮鄉",0.249,0.558550009489467,"0","0","county",1.36865431103948,0.288556271314892,0.103827207275483,2.77919708029197,0.610574293527803,0.15587967183227,601
"花蓮縣豐濱鄉",0.28,0.456427758816837,"0","0","county",1.57025641025641,0.148863636363636,0.216818181818182,0.686582809224319,0.674696082845565,0.122917604682575,612
"花蓮縣玉里鎮",0.262,0.474285714285714,"0","0","county",1.20180475799836,0.185340465519734,0.233386342826852,0.794135866198637,0.633513211760327,0.213574618533681,721
"花蓮縣瑞穗鄉",0.226,0.49391964198852,"0","0","county",1.32689450222883,0.178581821709186,0.241342516247939,0.739951768488746,0.660687311178248,0.187877643504532,653
"花蓮縣吉安鄉",0.261,0.528814687448,"0","0","county",1.0177233389554,0.219639889196676,0.163268698060942,1.34526637258229,0.645127670661803,0.338450849133496,775
"花蓮縣花蓮市",0.281,0.538646573985638,"0","0","county",0.916189880207402,0.204190023081634,0.179777662631306,1.13579195598061,0.646440294284097,0.388896434634975,822
"花蓮縣新城鄉",0.271,0.542956133654354,"0","0","county",1.13772814601345,0.219646734346576,0.160377912094361,1.36955726308086,0.646302975653742,0.262173128944996,762
"花蓮縣卓溪鄉",0.215,0.575904588639579,"0","0","county",1.49325539568345,0.255757575757576,0.116767676767677,2.19031141868512,0.627217781243907,0.162019886917528,595
"花蓮縣富里鄉",0.245,0.45857694429123,"0","0","county",1.36339263953205,0.165455746367239,0.259577278731836,0.637404580152672,0.675747863247863,0.143482905982906,613
"澎湖縣望安鄉",0.293,0.398444252376837,"0","1","offshore island",1.53564727954972,0.173292999135696,0.223206568712187,0.776379477250726,0.692226890756303,0.222268907563025,778
"澎湖縣白沙鄉",0.263,0.423884057971014,"0","1","offshore island",1.2728813559322,0.200602619075211,0.202225055046935,0.991977077363897,0.692463898916967,0.221457581227437,758
"澎湖縣馬公市",0.292,0.487428944180412,"0","1","offshore island",1.06129312625175,0.254094847666077,0.165470977359545,1.53558558558559,0.622923110120118,0.337589009566281,883
"澎湖縣湖西鄉",0.281,0.433560944980771,"0","1","offshore island",1.23596621957278,0.203657196672422,0.201067336367917,1.01288056206089,0.661586290567182,0.247421898695784,761
"澎湖縣西嶼鄉",0.292,0.345976700081279,"0","1","offshore island",1.25277161862528,0.178900325027086,0.236186348862405,0.757454128440367,0.701399894347596,0.189646064447966,744
"澎湖縣七美鄉",0.337,0.302608180201541,"0","1","offshore island",1.54456054087277,0.205682154483575,0.189109203906481,1.08763693270736,0.691681210005817,0.223967422920303,761
"基隆市暖暖區",0.349,0.532671181339353,"0","0","county",1.03369980879541,0.223649380339309,0.151576224281073,1.47549116888271,0.638959758784646,0.338571262901542,792
"基隆市信義區",0.331,0.524557743295519,"0","0","county",0.99031559274519,0.215041153603926,0.177992051599453,1.20815031722792,0.638181894419053,0.368422156065244,811
"基隆市中正區",0.323,0.471731254802942,"0","0","county",1.06541015015818,0.195609263970524,0.196047898938503,0.997762613267703,0.641271796614489,0.298154323216448,758
"基隆市中山區",0.335,0.508553134556575,"0","0","county",1.05885477018154,0.213549126324835,0.183447913682803,1.16408588158751,0.63538898773077,0.292243351278911,751
"基隆市仁愛區",0.337,0.532418748979259,"0","0","county",0.995594245979086,0.169211956521739,0.226548913043478,0.746911359002039,0.659841601991895,0.327020369242179,795
"基隆市安樂區",0.353,0.520825046877664,"0","0","county",0.98717054804072,0.211495852744006,0.162311101011249,1.30302765138257,0.642024145199704,0.361890552711544,842
"基隆市七堵區",0.338,0.529812348668281,"0","0","county",1.03431118033922,0.211983658647299,0.168514795841169,1.2579527963058,0.643201402073901,0.321788478791546,754
"新竹市東區",0.364,0.571413741091984,"0","0","county",0.952598414047012,0.198953135104137,0.148372966971291,1.34089881172649,0.673566888224538,0.531704060604302,1553
"新竹市香山區",0.322,0.562037721893491,"0","0","county",1.04604303145084,0.220223888640808,0.134594952496805,1.63619723143805,0.666578104473867,0.364123455696763,958
"新竹市北區",0.334,0.562060395380192,"0","0","county",0.944513101290575,0.202495193750659,0.160573342959352,1.26107602930033,0.663895219058434,0.430658069734703,1026
"嘉義市東區",0.338,0.547696404264409,"0","0","county",0.92045904981219,0.215117432357375,0.18748512258986,1.14738401311961,0.63779924321652,0.435055427734784,920
"嘉義市西區",0.317,0.550030602286073,"0","0","county",0.938054645503992,0.216153019912418,0.169082045773775,1.2783913213448,0.639342059502355,0.372545764962534,831
"臺北市大同區",0.399,0.58118021142278,"1","0","special municipality",0.943570139868884,0.167828144573841,0.206542012712847,0.812561775541378,0.65495150011279,0.458398375817731,1038
"臺北市中山區",0.392,0.571028142742944,"1","0","special municipality",0.853720928045443,0.161313066802912,0.208563034870354,0.773449939981872,0.658194339397317,0.552202340671152,1383
"臺北市中正區",0.372,0.585967948118355,"1","0","special municipality",0.900901558032328,0.160736911656108,0.218733724590929,0.734851984789794,0.677840508115737,0.603417468730762,1658
"臺北市士林區",0.386,0.573432732144186,"1","0","special municipality",0.915595695679172,0.176441468757348,0.206267094043538,0.855402891942161,0.662920043566006,0.501265336195022,1295
"臺北市萬華區",0.372,0.558285574929887,"1","0","special municipality",0.956088036918708,0.166890720520697,0.217007816539432,0.769053959355291,0.658156095652019,0.41025656229062,914
"臺北市南港區",0.384,0.583443728105037,"1","0","special municipality",0.947197645682809,0.181607214546594,0.178552194816258,1.01710995338635,0.667779442726807,0.486343202898276,1092
"臺北市文山區",0.366,0.598787030557499,"1","0","special municipality",0.899860583226834,0.18414385140624,0.184596131468593,0.997549894145912,0.6655519386942,0.556482376277911,1202
"臺北市信義區",0.373,0.581861334565542,"1","0","special municipality",0.896666370694843,0.169592634103931,0.216299873254632,0.784062568100922,0.666366169063008,0.553165156538879,1314
"臺北市松山區",0.382,0.59326078994317,"1","0","special municipality",0.864289289833939,0.163532495067581,0.225819370417268,0.724173903972042,0.674286528866714,0.619347113328582,1522
"臺北市大安區",0.38,0.578689465455481,"1","0","special municipality",0.845879665109823,0.157057285607814,0.24134721931945,0.650752414097348,0.678206340972201,0.652703609898996,1722
"臺北市內湖區",0.391,0.584949160558052,"1","0","special municipality",0.895765420516164,0.196923764509451,0.150160431415043,1.31142247430786,0.662143511450382,0.556262595419847,1265
"臺北市北投區",0.383,0.563934349355217,"1","0","special municipality",0.909688202921486,0.178461941692136,0.193350151409489,0.922998717048728,0.664965647263564,0.496333593169335,1137
"高雄市內門區",0.279,0.478157206583603,"1","0","special municipality",1.29467296021578,0.176429889298893,0.239237392373924,0.737467866323907,0.704958492259367,0.142248148979134,604
"高雄市茂林區",0.218,0.689164086687307,"1","0","special municipality",1.84700122399021,0.293498452012384,0.10030959752322,2.92592592592593,0.597173144876325,0.195524146054181,711
"高雄市桃源區",0.223,0.527730131503716,"1","0","special municipality",1.5214501510574,0.263670197537933,0.0913255081591755,2.8871473354232,0.634684312103667,0.184174248690378,680
"高雄市杉林區",0.258,0.471198265296502,"1","0","special municipality",1.35385259631491,0.161994355597366,0.249858889934149,0.648343373493976,0.697399743636697,0.141274491851309,612
"高雄市美濃區",0.266,0.551811050380901,"1","0","special municipality",1.14760828177059,0.169905796486464,0.277405301422954,0.612482153783398,0.718199554834987,0.25550273419252,748
"高雄市甲仙區",0.279,0.495661805427358,"1","0","special municipality",1.35957696827262,0.176524783489958,0.22590749953934,0.781402936378467,0.68440996030314,0.151208949837604,597
"高雄市茄萣區",0.311,0.54131695406684,"1","0","special municipality",1.10801694383433,0.193918378234196,0.18873604389742,1.02745810619826,0.636023065339553,0.231057406251148,630
"高雄市路竹區",0.318,0.592063854047891,"1","0","special municipality",1.06213932874752,0.205673274094327,0.181681476418319,1.13205417607223,0.667762725240037,0.338747862685782,778
"高雄市阿蓮區",0.314,0.542430912203473,"1","0","special municipality",1.0751663517621,0.222847128825855,0.176834983901863,1.26019820235077,0.654804970116389,0.275047184649261,724
"高雄市湖內區",0.315,0.560185005246998,"1","0","special municipality",1.09939759036145,0.200349514563107,0.171417475728155,1.16878115088355,0.661097762426791,0.306389848325574,736
"高雄市梓官區",0.313,0.587203867848509,"1","0","special municipality",1.10489325023206,0.202801030264005,0.165969092079845,1.22192046556741,0.647161030096184,0.275178405212535,686
"高雄市岡山區",0.306,0.616685539855251,"1","0","special municipality",0.985300161988346,0.218670831591116,0.168654844184273,1.29655826163045,0.652926979319483,0.357436940987175,800
"高雄市鳥松區",0.347,0.609884922558751,"1","0","special municipality",1.07180564809595,0.202700636942675,0.175898089171975,1.15237543453071,0.661674945016927,0.430029406677045,1173
"高雄市大社區",0.34,0.573087931837849,"1","0","special municipality",1.06185567010309,0.220743353408977,0.156889495225102,1.40699893955461,0.652030171722035,0.304959075589793,747
"高雄市橋頭區",0.322,0.621771840933518,"1","0","special municipality",1.06822262118492,0.201963792574409,0.186713715863762,1.08167625308135,0.661464371711406,0.358571895716282,818
"高雄市田寮區",0.31,0.481487033428272,"1","0","special municipality",1.47553155585555,0.139179886261598,0.299610894941634,0.464535464535465,0.738720141551165,0.14479504570923,653
"高雄市大樹區",0.305,0.559528989448493,"1","0","special municipality",1.07828786870703,0.207908683245006,0.190678081261041,1.09036488027366,0.646324185338721,0.266857322768537,689
"高雄市旗津區",0.328,0.522164119066774,"1","0","special municipality",1.11553124482016,0.204759225018088,0.178430742021063,1.14755575580086,0.636085152584435,0.2222653069138,648
"高雄市鳳山區",0.325,0.597281288476257,"1","0","special municipality",0.943577910694029,0.204308298029409,0.15725487327166,1.29921759357158,0.644326879711874,0.386891034765114,828
"高雄市前金區",0.335,0.608074222668004,"1","0","special municipality",0.980274577875967,0.158952547744141,0.250771411892253,0.633854339873628,0.644815836443291,0.484909946454649,1116
"高雄市苓雅區",0.333,0.611979344079136,"1","0","special municipality",0.915473632433272,0.17682665560324,0.219708768899076,0.804822932144626,0.645673614372557,0.45316417179862,947
"高雄市左營區",0.317,0.608736606617214,"1","0","special municipality",0.905149464648005,0.204249863746718,0.151451716791359,1.34861372372618,0.645691351967987,0.442609482040158,990
"高雄市鼓山區",0.338,0.595360891988972,"1","0","special municipality",0.916809662090813,0.17708260960189,0.171863058431182,1.03037040780231,0.653637232383858,0.455689305413516,1030
"高雄市新興區",0.348,0.613707586517867,"1","0","special municipality",0.948799178047005,0.166351819367607,0.240925651059236,0.690469523009428,0.64812668139367,0.49397432252138,1056
"高雄市仁武區",0.319,0.585727676570078,"1","0","special municipality",1.04167352086418,0.215879006747492,0.133565037946156,1.61628379751982,0.656039503341889,0.355686422680547,811
"高雄市小港區",0.329,0.587909562806536,"1","0","special municipality",0.979032377565385,0.214521377564856,0.144581035885384,1.48374492028759,0.65178629719633,0.336433208806355,799
"高雄市楠梓區",0.326,0.600227254917326,"1","0","special municipality",0.949238321777418,0.215694593112811,0.141751298853876,1.5216410350861,0.651545019650189,0.410199264216566,848
"高雄市三民區",0.344,0.593501635471247,"1","0","special municipality",0.916281614385246,0.195164534861654,0.17562806874683,1.11123772102161,0.639309539693129,0.43162108072048,904
"高雄市彌陀區",0.345,0.619579062291502,"1","0","special municipality",1.13378967019291,0.200909366474689,0.186905122764474,1.0749270191372,0.668398925610183,0.235898633656429,650
"高雄市林園區",0.315,0.556545857362715,"1","0","special municipality",1.03498522468666,0.218746831592822,0.157609246679509,1.38790607912512,0.643179383986239,0.258673850248288,734
"高雄市鹽埕區",0.382,0.580839154369246,"1","0","special municipality",1.06089421230685,0.170381651206793,0.24191240943283,0.704311331552842,0.636027255087767,0.39438653490366,871
"高雄市那瑪夏區",0.192,0.661303630363036,"1","0","special municipality",1.65982905982906,0.27040395713108,0.0989282769991756,2.73333333333333,0.644907589461266,0.192685804168305,686
"高雄市永安區",0.299,0.631280726606116,"1","0","special municipality",1.11162868075195,0.207298783536077,0.158056990501583,1.31154454401687,0.684532924961715,0.288304989119046,691
"高雄市大寮區",0.317,0.571406550267704,"1","0","special municipality",1.05520276642565,0.221903793411605,0.152815013404826,1.45210727969349,0.647260104140838,0.28207289858666,711
"高雄市旗山區",0.312,0.559038629828729,"1","0","special municipality",1.10983627691118,0.188579100190452,0.237659620968497,0.793483972674724,0.666515522505366,0.245579033281944,703
"高雄市燕巢區",0.306,0.573965861909888,"1","0","special municipality",1.16809786130914,0.205589895189465,0.19126962798019,1.07486953030911,0.662601475330837,0.262779404678059,716
"高雄市前鎮區",0.325,0.588373084791436,"1","0","special municipality",0.958815107143287,0.188597114084429,0.18944300718083,0.995534841275015,0.642246321421747,0.374152016051978,844
"高雄市六龜區",0.289,0.476567255021302,"1","0","special municipality",1.3059559939302,0.171634657165204,0.238984965673069,0.718181818181818,0.676652280612677,0.148937970720149,650
"新北市坪林區",0.303,0.513495162111696,"1","0","special municipality",1.50586011342155,0.169491525423729,0.272372881355932,0.622277535780958,0.711245703061057,0.20952692748404,728
"新北市淡水區",0.363,0.528613721549242,"1","0","special municipality",0.904429681688768,0.192895878524946,0.162601681127983,1.18630925084421,0.652033751199107,0.442380856048395,976
"新北市五股區",0.343,0.536711621550736,"1","0","special municipality",1.01838144244792,0.232464846980976,0.127322856355114,1.82579038544825,0.639401760307061,0.310330223016346,810
"新北市中和區",0.339,0.556778789700487,"1","0","special municipality",0.925971416412129,0.184957742371475,0.176220199539008,1.04958309464706,0.644142441979007,0.416805086980516,898
"新北市三峽區",0.334,0.529021857865544,"1","0","special municipality",0.999517232693842,0.225254996663595,0.138730895109784,1.62368300503894,0.646600466105988,0.335464586077617,848
"新北市汐止區",0.363,0.52914612468432,"1","0","special municipality",0.942892682222543,0.200599972415061,0.149021884051308,1.34611083259419,0.644459121207244,0.411596245955411,932
"新北市貢寮區",0.306,0.440375919851051,"1","0","special municipality",1.15077365958978,0.153859773371105,0.235481586402266,0.653383458646617,0.71616932685635,0.188931297709924,658
"新北市深坑區",0.351,0.550669123351435,"1","0","special municipality",1.07179338922617,0.217782943483946,0.154390043101361,1.41060225846926,0.631075213595406,0.362155095942854,850
"新北市新莊區",0.358,0.569431359987941,"1","0","special municipality",0.932484104877109,0.220400871005479,0.130885367802912,1.68392292205925,0.633911630676096,0.370086188189603,843
"新北市萬里區",0.28,0.498419443436804,"1","0","special municipality",1.0689369630473,0.182811286564846,0.202174475796013,0.904225352112676,0.69305688036548,0.220844419900597,673
"新北市金山區",0.309,0.508167351670355,"1","0","special municipality",1.03234807771807,0.205095809644136,0.177405769635713,1.15608308605341,0.667956222957496,0.23542886230593,669
"新北市泰山區",0.34,0.553850463798792,"1","0","special municipality",0.98352969829817,0.211029720524425,0.133703479058772,1.5783412818425,0.646946536425323,0.359048542241444,854
"新北市三芝區",0.338,0.485610616829862,"1","0","special municipality",1.131592421915,0.206393328700486,0.193040802144346,1.06916945230136,0.654428680981595,0.264906058282209,669
"新北市土城區",0.353,0.549473810033718,"1","0","special municipality",0.961388910490707,0.227545029356155,0.123678973032143,1.83980367703263,0.631053412676685,0.350537200601319,792
"新北市樹林區",0.347,0.554022958277998,"1","0","special municipality",0.985309371920544,0.223520914045571,0.132635104077746,1.68523194217536,0.641605890028429,0.34440655316091,825
"新北市蘆洲區",0.359,0.536728831879229,"1","0","special municipality",0.948618202447524,0.236212856656696,0.117694470813706,2.00700045655151,0.62291102497896,0.333543256596839,815
"新北市鶯歌區",0.339,0.531258287389211,"1","0","special municipality",1.01247014386491,0.226073619631902,0.13622420524261,1.65957011258956,0.634691318499546,0.299076890240649,741
"新北市平溪區",0.28,0.480907197408007,"1","0","special municipality",1.60596546310832,0.114272495951885,0.311589174184594,0.366740905716407,0.734503190519599,0.157930720145852,657
"新北市新店區",0.331,0.567393667180452,"1","0","special municipality",0.915780518928116,0.18812528336104,0.191831645760919,0.980679087722062,0.651466800517328,0.471801598147585,1056
"新北市雙溪區",0.3,0.485435679459932,"1","0","special municipality",1.3876772082879,0.14925187032419,0.282668329177057,0.52801058667843,0.701690380639669,0.200048644047185,738
"新北市林口區",0.356,0.559992111643446,"1","0","special municipality",0.938916736902808,0.208996058428008,0.131034083004869,1.59497478545519,0.66671438166863,0.473193344858342,1158
"新北市三重區",0.363,0.559430764659872,"1","0","special municipality",0.954033029169077,0.20136987960563,0.161690608270149,1.24540244952994,0.625441613302008,0.344516964395568,816
"新北市瑞芳區",0.314,0.485643338280626,"1","0","special municipality",1.05215146299484,0.194513289462439,0.197703899951571,0.983861671469741,0.656003529865975,0.226159616127075,666
"新北市板橋區",0.358,0.566680549231676,"1","0","special municipality",0.931743677315617,0.193517798146157,0.164895508492292,1.1735783461634,0.642337010282712,0.400495847845784,925
"新北市八里區",0.342,0.530300272975432,"1","0","special municipality",1.02922292229223,0.22270689446262,0.140615533745305,1.58380008616975,0.646555736560391,0.321328834070282,805
"新北市石碇區",0.32,0.505757178253899,"1","0","special municipality",1.46670976082741,0.172433847048561,0.234806629834254,0.734365325077399,0.681703204047218,0.213041034288926,754
"新北市永和區",0.341,0.591475947560677,"1","0","special municipality",0.887923380056866,0.178163057108244,0.205394146776902,0.867420322847682,0.644841381931355,0.502092823797076,1032
"新北市石門區",0.314,0.518332066869301,"1","0","special municipality",1.20857086691567,0.212481003039514,0.190064589665653,1.11794102948526,0.670933528389869,0.222273018195117,707
"新北市烏來區",0.295,0.543313069908815,"1","0","special municipality",1.23054223533751,0.226719878373242,0.160015203344736,1.41686460807601,0.674372042227885,0.252639242810339,785
"臺中市豐原區",0.307,0.602174772058716,"1","0","special municipality",0.963402275225167,0.220442845442845,0.162783725283725,1.35420690894389,0.648949216204284,0.360714210633273,802
"臺中市西區",0.347,0.587552609427609,"1","0","special municipality",0.892765187995047,0.198043932724732,0.178430733997962,1.10992051810421,0.643887071367987,0.512369239468476,1111
"臺中市西屯區",0.335,0.580488972548337,"1","0","special municipality",0.896150577055022,0.224556560299104,0.124010955569081,1.81078001752848,0.644103838575001,0.488278386373917,1145
"臺中市大里區",0.309,0.5639085050271,"1","0","special municipality",0.947994358251058,0.237407853473204,0.124330174023843,1.90949506294164,0.640151409724735,0.361017562414762,768
"臺中市中區",0.315,0.562670114316821,"1","0","special municipality",1.09423102663633,0.166497048646448,0.223895786688378,0.743636363636364,0.654808700209644,0.396750524109015,907
"臺中市東勢區",0.256,0.589356429911304,"1","0","special municipality",1.08212880906118,0.197344989477092,0.221096695113208,0.892573221757322,0.672942069766403,0.279221939345214,696
"臺中市大甲區",0.297,0.577145665858029,"1","0","special municipality",1.01492019430951,0.233248260228588,0.16437074964729,1.41903751567171,0.653257024881211,0.309246580541345,794
"臺中市霧峰區",0.287,0.605921231326392,"1","0","special municipality",1.04351473592063,0.224802836263657,0.167715794805007,1.34037963761864,0.655015065224585,0.319295678980093,741
"臺中市清水區",0.307,0.586315848339112,"1","0","special municipality",1.06649141354973,0.217561357191747,0.171143611448686,1.27122102513875,0.653471962367028,0.317541561982146,732
"臺中市南區",0.341,0.614860627345793,"1","0","special municipality",0.906667881216979,0.215904162530479,0.133887180871057,1.61258278145695,0.64269085802971,0.479537728179735,898
"臺中市新社區",0.262,0.540028763183126,"1","0","special municipality",1.14548528241846,0.20006704017622,0.220035435521716,0.909249183895539,0.677811968952372,0.240481330087723,692
"臺中市和平區",0.21,0.632027795325332,"1","0","special municipality",1.3278651173388,0.194806560134567,0.189760302775442,1.02659279778393,0.711626955721444,0.205133449227937,705
"臺中市太平區",0.303,0.549124273393868,"1","0","special municipality",0.97243752173697,0.233695411497511,0.131581777578146,1.77604692533295,0.642859310051883,0.342012803786523,728
"臺中市梧棲區",0.301,0.572066326530612,"1","0","special municipality",1.02824427480916,0.232797263708016,0.138684115485118,1.67861519607843,0.648361237950279,0.329213597158803,755
"臺中市龍井區",0.319,0.565944262707599,"1","0","special municipality",1.02763352532024,0.241730599924538,0.132373286379072,1.82612826603325,0.647790325248485,0.345037065997023,816
"臺中市大安區",0.278,0.589225181598063,"1","0","special municipality",1.21179796941267,0.225617134559535,0.192824298160697,1.17006589268905,0.67183854409706,0.232326178254783,682
"臺中市烏日區",0.306,0.587488858277287,"1","0","special municipality",1.01299704027796,0.229428816660999,0.144229056340993,1.59072535369414,0.653838989102425,0.355692508305132,823
"臺中市大肚區",0.296,0.584613439534737,"1","0","special municipality",1.0644539614561,0.225980371509203,0.1557432290131,1.45098039215686,0.648843726688038,0.318433839391923,723
"臺中市大雅區",0.292,0.575418777286919,"1","0","special municipality",0.996009005321326,0.248368467395245,0.116499197182369,2.13193286651106,0.645396029206459,0.34103853424099,792
"臺中市外埔區",0.267,0.586496175024945,"1","0","special municipality",1.09326307866014,0.230487940014036,0.159568573855871,1.44444444444444,0.671521723722447,0.26224395775746,736
"臺中市石岡區",0.265,0.593944099378882,"1","0","special municipality",1.18260590500642,0.205070553574198,0.202356954566599,1.01340996168582,0.659146933592291,0.277657428848883,704
"臺中市神岡區",0.292,0.597470906258591,"1","0","special municipality",1.05226842749564,0.231300113499066,0.151722622926811,1.52449324324324,0.65464189117988,0.302961115599424,697
"臺中市后里區",0.293,0.583626173212935,"1","0","special municipality",1.04920236601542,0.220726424525158,0.170720870820838,1.29290826284971,0.664866588710535,0.284787923886468,715
"臺中市潭子區",0.316,0.576765340217015,"1","0","special municipality",0.970336117957554,0.235755836673626,0.1277983095698,1.84474925738249,0.645573406255341,0.352664074517177,771
"臺中市沙鹿區",0.305,0.569595860228819,"1","0","special municipality",1.02354399008674,0.221928985956077,0.135686105538126,1.63560583506996,0.662270958795054,0.364270214050001,851
"臺中市北屯區",0.32,0.573910943263657,"1","0","special municipality",0.89885076546488,0.222768693485195,0.134885292220755,1.65154176424668,0.646590894787851,0.452692922503745,913
"臺中市南屯區",0.335,0.605627251786664,"1","0","special municipality",0.890232094940386,0.23196298510106,0.115088589286637,2.01551679917928,0.643289733776338,0.497763945549621,1147
"臺中市北區",0.335,0.566236830068768,"1","0","special municipality",0.904561488501658,0.205588614539368,0.172976349700867,1.18853597555329,0.637805029109377,0.463768115942029,941
"臺中市東區",0.328,0.59124916395763,"1","0","special municipality",0.990778625954199,0.207987696896262,0.170457016808028,1.22017679759409,0.643056054617319,0.391469038208169,824
"臺南市佳里區",0.322,0.523875652191164,"1","0","special municipality",0.996376811594203,0.200241732548693,0.182666587410093,1.0962143399501,0.663032857553405,0.340530702174538,774
"臺南市學甲區",0.308,0.474498161031595,"1","0","special municipality",1.10856987886458,0.186817558905442,0.198443923787631,0.941412341278681,0.666996217331499,0.284301925722146,704
"臺南市東山區",0.302,0.378701748687131,"1","0","special municipality",1.21718515091939,0.169586848366861,0.264006056673156,0.642359688652192,0.707024078056969,0.200965220584378,680
"臺南市歸仁區",0.345,0.532089149110426,"1","0","special municipality",1.03884005183343,0.21720276553874,0.148360355967329,1.4640215987792,0.655348446683459,0.33919395465995,794
"臺南市新營區",0.326,0.498206284931254,"1","0","special municipality",0.986493005306319,0.211631340941951,0.190066754852801,1.11345795905155,0.651723271184185,0.424038561057472,874
"臺南市西港區",0.323,0.471851233537377,"1","0","special municipality",1.07840209072242,0.211975159885068,0.189776624339605,1.11697191697192,0.667087011349306,0.273464240677355,690
"臺南市左鎮區",0.255,0.449524671797193,"1","0","special municipality",1.63443640124095,0.131679819616685,0.297406989853439,0.44275966641395,0.738249053241256,0.165515705056806,660
"臺南市新市區",0.324,0.536727440268545,"1","0","special municipality",1.04936002625533,0.215366399158006,0.150802525983423,1.42813522355507,0.666402836699804,0.374121446210346,818
"臺南市安南區",0.335,0.52361356433287,"1","0","special municipality",1.01396294112481,0.215440463151307,0.128981380065717,1.67032220496894,0.644289681846387,0.330082113875016,760
"臺南市龍崎區",0.29,0.488553730137355,"1","0","special municipality",1.55957943925234,0.130645161290323,0.279032258064516,0.468208092485549,0.753435517970402,0.169133192389006,662
"臺南市北區",0.35,0.539961769426361,"1","0","special municipality",0.942154059440256,0.188339919169735,0.17533326732495,1.07418245289799,0.642630724204712,0.434757310220848,975
"臺南市白河區",0.323,0.431991644572989,"1","0","special municipality",1.15560043759993,0.170204229025398,0.27308108975645,0.623273582133412,0.695143290430455,0.228486993039624,692
"臺南市山上區",0.325,0.441253263707572,"1","0","special municipality",1.31925185424057,0.196286065070595,0.229128299570289,0.856664434025452,0.684038117927338,0.261018463371054,676
"臺南市鹽水區",0.321,0.480674472220966,"1","0","special municipality",1.15987520090763,0.189239248283339,0.223707986989519,0.84592084006462,0.676634942809744,0.282240461014581,709
"臺南市北門區",0.322,0.412594458438287,"1","0","special municipality",1.14066289409863,0.156894297495726,0.204465453082571,0.767338908017708,0.704158883099007,0.204994592468784,649
"臺南市後壁區",0.315,0.462309869967852,"1","0","special municipality",1.15509674845402,0.168742216687422,0.2778522847016,0.607309084640579,0.702548126104343,0.258486003905887,729
"臺南市善化區",0.351,0.512515644555695,"1","0","special municipality",1.05323575116547,0.193613773429093,0.179174695327945,1.08058659217877,0.68379055976086,0.409527023769346,999
"臺南市下營區",0.328,0.470616317372416,"1","0","special municipality",1.13464373464373,0.181571299251989,0.237648291962457,0.764033680834002,0.694058856191005,0.270729224504905,731
"臺南市將軍區",0.296,0.446941534302129,"1","0","special municipality",1.10198720877113,0.161056068453051,0.233224498986715,0.690562394400193,0.69486504279131,0.201174017994294,641
"臺南市新化區",0.32,0.540138352638353,"1","0","special municipality",1.0622224629048,0.205993412067165,0.188157789025468,1.09479077711358,0.657673985086993,0.321069801159901,740
"臺南市麻豆區",0.343,0.491294154834971,"1","0","special municipality",1.06760863769661,0.190255586849517,0.215708983706667,0.882001220256254,0.675372279495991,0.3307369224895,787
"臺南市柳營區",0.309,0.494947883429058,"1","0","special municipality",1.17973273942094,0.198969564986456,0.232113454081904,0.85720823798627,0.679238487265243,0.28906611782866,747
"臺南市七股區",0.306,0.457744360902256,"1","0","special municipality",1.1437038577519,0.17476846057572,0.227734668335419,0.767421411299187,0.691143552311436,0.196642335766423,641
"臺南市永康區",0.341,0.519833231624453,"1","0","special municipality",0.95425677225097,0.216515924056471,0.122790745343206,1.76329187880811,0.646969352783731,0.39855702278541,865
"臺南市玉井區",0.278,0.48660678158129,"1","0","special municipality",1.18506764656756,0.175658213535778,0.248182846066871,0.707777416205662,0.692898573444114,0.242044207556043,700
"臺南市楠西區",0.254,0.451102251407129,"1","0","special municipality",1.27450495049505,0.162605435801312,0.252225866916589,0.644681839294008,0.70525835519562,0.196418387133569,653
"臺南市南化區",0.287,0.477523760595941,"1","0","special municipality",1.36681589255736,0.181923225060983,0.250353062010528,0.726666666666667,0.722543352601156,0.198165368182961,670
"臺南市安定區",0.313,0.539419246092553,"1","0","special municipality",1.11660499173293,0.20547263681592,0.170110983543819,1.20787401574803,0.669055446788076,0.287761811532636,753
"臺南市南區",0.332,0.515849056603774,"1","0","special municipality",0.980405979429893,0.192718482297143,0.185346887753226,1.03977188197372,0.633131504088603,0.352288636627103,766
"臺南市仁德區",0.321,0.533141477905681,"1","0","special municipality",1.03386670809383,0.200095872829331,0.160200405140021,1.24903474903475,0.664044506924296,0.360541979481351,791
"臺南市東區",0.347,0.547721359685444,"1","0","special municipality",0.902348989159458,0.206558487665379,0.165180345382416,1.2505028197342,0.636422764227642,0.509068167604753,1091
"臺南市關廟區",0.31,0.532845251228563,"1","0","special municipality",1.11367550809507,0.190883000734165,0.203497296936528,0.938012463102657,0.671872479106837,0.263173179310122,714
"臺南市中西區",0.351,0.556243391918604,"1","0","special municipality",0.936509324009324,0.172139546977043,0.215224140831715,0.799815235929505,0.646307870027547,0.462589970676224,1078
"臺南市安平區",0.348,0.509778074721465,"1","0","special municipality",0.904713634059807,0.214695586271609,0.12485113140135,1.71961266078913,0.63546337494157,0.42409238067208,952
"臺南市六甲區",0.336,0.484799414960301,"1","0","special municipality",1.1497892575381,0.20389312180357,0.210781755557875,0.967318643228522,0.670845127375657,0.296249494541043,730
"臺南市大內區",0.288,0.479893690778831,"1","0","special municipality",1.33718302786844,0.162339910003461,0.276220145379024,0.587719298245614,0.712709670156479,0.207925250478442,642
"臺南市官田區",0.366,0.486746987951807,"1","0","special municipality",1.11791630340017,0.200534616412724,0.196845763164929,1.01873981531776,0.677673526514955,0.295008034834897,729
"桃園市觀音區",0.308,0.505521405646521,"1","0","special municipality",1.11374031374031,0.253149413619968,0.14751037720459,1.71614647333497,0.659434287685409,0.277957916522939,750
"桃園市龍潭區",0.287,0.535658731565164,"1","0","special municipality",1.00357568533969,0.229905181571389,0.148827556359917,1.54477562619787,0.666119600075457,0.369430296170534,873
"桃園市中壢區",0.316,0.526979503711102,"1","0","special municipality",0.948971948507424,0.221023574294429,0.141084280119141,1.56660667019587,0.661406666227936,0.413353057142775,921
"桃園市桃園區",0.345,0.507340393007032,"1","0","special municipality",0.917543729223972,0.21853955206265,0.134922728724364,1.61973860244932,0.654800540011118,0.432477433358922,1013
"桃園市平鎮區",0.311,0.531629984746132,"1","0","special municipality",0.973039713506868,0.23110883683457,0.131695128390774,1.75487764550265,0.658176650634018,0.380437045828388,871
"桃園市八德區",0.32,0.50526156362645,"1","0","special municipality",0.988728919126102,0.221851699428682,0.136129805364578,1.62970701996177,0.664024860421027,0.343593281656743,803
"桃園市蘆竹區",0.331,0.507636245473958,"1","0","special municipality",0.972582011862971,0.225743355032239,0.117491070462171,1.92136605909061,0.670670869242581,0.389979942251317,1018
"桃園市龜山區",0.341,0.49253618016431,"1","0","special municipality",0.981358208955224,0.215664267784965,0.135803498980033,1.58806120169757,0.661350229407909,0.364292476877139,884
"桃園市大園區",0.319,0.499837618403248,"1","0","special municipality",1.05274580368671,0.240725206332025,0.137139764578541,1.75532754538279,0.663180833505261,0.304595626160512,812
"桃園市復興區",0.192,0.54454228957608,"1","0","special municipality",1.37129943502825,0.238796807857581,0.144260282381829,1.65531914893617,0.68812124790867,0.155201259718532,719
"桃園市大溪區",0.307,0.528492048285112,"1","0","special municipality",1.04503875968992,0.226786625829505,0.162200102092905,1.39819040125885,0.661678881235242,0.301714117920546,783
"桃園市楊梅區",0.289,0.510691212830906,"1","0","special municipality",1.00281320330083,0.236527032903319,0.133432381504566,1.77263592417576,0.667252753338271,0.370300634773399,847
"桃園市新屋區",0.28,0.558163093027182,"1","0","special municipality",1.17655847501288,0.225375867386276,0.194920971472629,1.15624227441286,0.68049456898544,0.274370233418073,743
